"Name","CV Average Validation set accuracy","Test set accuracy","Number of model parameters","Agent","State","Notes","User","Tags","Created","Runtime","Sweep","batch_size","class_weights","dropout","encoding","epochs","layer_size","learning_rate","num_hidden_layers","optimizer","wandb_name","dataset","encoding_into_bits","encoding_into_bits.exfiltration_encoding.values","exfiltration_encoding","n_defense_lsbs","n_ecc","type","CV Average Training set F1 score","CV Average Training set ROC AUC","CV Average Training set accuracy","CV Average Training set loss","CV Average Training set precision","CV Average Training set recall","CV Average Validation Set Loss","CV Average Validation set F1 score","CV Average Validation set ROC AUC","CV Average Validation set precision","CV Average Validation set recall","CV fold","Class weights","Epoch Training set F1 score","Epoch Training set ROC AUC score","Epoch Training set accuracy","Epoch Training set loss","Epoch Training set precision","Epoch Training set recall","Epoch Validation Set Loss","Epoch Validation set F1 score","Epoch Validation set ROC AUC score","Epoch Validation set accuracy","Epoch Validation set precision","Epoch Validation set recall","Epoch_ Validation Set Loss","Epoch_train_loss","Fold Train set ROC AUC score","Fold Training set F1 score","Fold Training set accuracy","Fold Training set loss","Fold Training set precision","Fold Training set recall","Fold Validation Set Loss","Fold Validation set F1 score","Fold Validation set ROC AUC score","Fold Validation set accuracy","Fold Validation set precision","Fold Validation set recall","Model size in bits","Test Class <=50K accuracy","Test Class >50K accuracy","Test FN","Test FP","Test TN","Test TP","Test set Confusion Matrix","Test set Confusion Matrix Plot","Test set F1 score","Test set ROC AUC score","Test set precision","Test set recall","Train Class <=50K accuracy","Train Class >50K accuracy","Train FN","Train FP","Train TN","Train TP","Training set Confusion Matrix","Training set F1 score","Training set accuracy","Training set loss","Training set precision","Training set recall","Val Class <=50K accuracy","Val Class >50K accuracy","Val FN","Val FP","Val TN","Val TP","Validation set Confusion Matrix","Validation set F1 score","Validation set accuracy","Validation set loss","Validation set precision","epoch","Validation set recall","Aggregated Comparison","Attack Test Class <=50K accuracy","Attack Test Class >50K accuracy","Attack Test set Confusion Matrix Plot","Attack Test set F1 score","Attack Test set ROC AUC score","Attack Test set accuracy","Attack Test set precision","Attack Test set recall","Benign Model Test Class <=50K accuracy","Benign Model Test Class >50K accuracy","Benign Model Test set Confusion Matrix Plot","Benign Model Test set F1 score","Benign Model Test set ROC AUC score","Benign Model Test set accuracy","Benign Model Test set precision","Benign Model Test set recall","Benign Model Train Class <=50K accuracy","Benign Model Train Class >50K accuracy","Benign Model Train set Confusion Matrix Plot","Benign Model Train set F1 score","Benign Model Train set ROC AUC score","Benign Model Train set accuracy","Benign Model Train set precision","Benign Model Train set recall","Benign Model Validation Class <=50K accuracy","Benign Model Validation Class >50K accuracy","Benign Model Validation set Confusion Matrix Plot","Benign Model Validation set F1 score","Benign Model Validation set ROC AUC score","Benign Model Validation set accuracy","Benign Model Validation set precision","Benign Model Validation set recall","Data Similarity: Defense","Data similarity: Attack","Defended Test Class <=50K accuracy","Defended Test Class >50K accuracy","Defended Test set Confusion Matrix Plot","Defended Test set F1 score","Defended Test set ROC AUC score","Defended Test set accuracy","Defended Test set precision","Defended Test set recall","LSB Attack Time","Maximum number of rows that can be exfiltrated (capacity)","Number of bits per data sample","Number of bits to be hidden","Number of defense LSBs","Number of parameters used for hiding","Number of parameters used for information hiding","Number of rows hidden","Number of rows in the dataset","Proportion of parameters used for hiding in %","Proportion of the dataset hidden in %","Proportion of the dataset stolen in %","Reconstruction","Similarity after defense","Similarity of exfiltrated data to original data:","Similarity without defense"
"1hl_2s_0d_0.001lr_512bs_adam","0.8652751401181444","0.848937583001328","3527","sktpxddf","finished","-","siposova-andrea","","2023-03-17T23:13:15.000Z","98","j7qa6e6s","512","not_applied","0","one_hot","150","2","0.001","1","adam","","","","","","","","","0.7083801918095762","0.7976940773842887","0.869191676704921","0.28887642119445056","0.7647395507929391","0.6597692227297424","0.2965641234929745","0.701739750947142","0.7948413828274808","0.752368357900193","0.6587203189438753","1","[1,1]","0.7101300479123887","0.7988269640380424","0.8699324324324325","0.2893681523262286","0.766248153618907","0.6616709183673469","0.2960948118796715","0.6809037311027857","0.7828557260879273","0.8552806441525954","0.7255357870983083","0.6428104221745051","0.3122721772927504","","0.7984279743746895","0.7090769362138161","0.8692080310184652","0.28543877981457055","0.7635159985288709","0.6618842659014825","0.2960948118796715","0.7185791248763326","0.80639651008588","0.871439956103679","0.7622602495887478","0.6807207190280493","112864","0.9152288732394366","0.6454054054054054","1312","963","10397","2388","","[[10397,963],[1312,2388]]","0.6773507303928521","0.780317139322421","0.7126230975828111","0.6454054054054054","0.9749190938511328","0.10170572293958234","5635","496","19280","638","","","","","","","0.9811931243680484","0.10459183673469388","1404","93","4852","164","","","","","","80","","","","","","","","","","","","","","","","","","","","","","","","","","","","","","","","","","","","","","","","","","","","","","","","","","","","","","","","","","","",""
"1hl_1s_0d_0.001lr_512bs_adam","0.8650385615216939","0.8482735723771581","1764","sktpxddf","finished","-","siposova-andrea","","2023-03-17T22:26:47.000Z","110","j7qa6e6s","512","not_applied","0","one_hot","150","1","0.001","1","adam","","","","","","","","","0.703592810494474","0.793781198371092","0.8679939210199489","0.2929722732773014","0.765968239013526","0.6506186265156468","0.29884600708117853","0.6991104832937121","0.7923642678050362","0.7552269222472484","0.6519605019948103","1","[1,1]","0.7047995871322896","0.7948293850307113","0.8682432432432432","0.29296008482867597","0.7652222637280538","0.6532206632653061","0.3002014114306523","0.6784886216975311","0.7807210811359095","0.8550383866218471","0.7286801150874378","0.636973807889129","0.3112620023580698","","0.7933541702457286","0.7025212976508045","0.8672885715382548","0.2900583931044036","0.7632759910246821","0.6507253307827195","0.3002014114306523","0.7133178508508702","0.8019760164885004","0.8704470631270903","0.7642497671583127","0.669660254194864","56448","0.918838028169014","0.6316216216216216","1363","922","10438","2337","","[[10438,922],[1363,2337]]","0.6716482253197299","0.7752298248953179","0.7170911322491562","0.6316216216216216","0.97582928802589","0.10058982942770604","5642","478","19298","631","","","","","","","0.9801820020222448","0.10267857142857142","1407","98","4847","161","","","","","","108","","","","","","","","","","","","","","","","","","","","","","","","","","","","","","","","","","","","","","","","","","","","","","","","","","","","","","","","","","","",""
"1hl_3s_0d_0.001lr_512bs_adam","0.8668364469754646","0.848207171314741","5290","sktpxddf","finished","-","siposova-andrea","","2023-03-17T23:59:14.000Z","96","j7qa6e6s","512","not_applied","0","one_hot","150","3","0.001","1","adam","","","","","","","","","0.7128255346776955","0.8004013006309556","0.8712032814409586","0.2861487628198137","0.7696585847557149","0.6638183779609406","0.2951506800376452","0.704432104891304","0.7960998858565771","0.7576547267537893","0.659402207670461","1","[1,1]","0.7129883481836875","0.8003865229344165","0.8713912776412777","0.28456317910961076","0.7705555555555555","0.6634247448979592","0.2951143349592502","0.6831055250691302","0.783912624859295","0.8564243439910361","0.7294561723097749","0.6438061286977241","0.31195049102489764","","0.8021608998303718","0.7150294443970299","0.8718184959115514","0.282344724909932","0.7694709772226305","0.667782560178543","0.2951143349592502","0.720521168877892","0.8082813142867032","0.8719821279264214","0.7611253815312907","0.6851750977802389","169280","0.914612676056338","0.6443243243243243","1316","970","10390","2384","","[[10390,970],[1316,2384]]","0.6759285511766373","0.7794685001903312","0.7107930828861061","0.6443243243243243","0.9752224919093851","0.10521281683405068","5613","490","19286","660","","","","","","","0.9805864509605662","0.10459183673469388","1404","96","4849","164","","","","","","72","","","","","","","","","","","","","","","","","","","","","","","","","","","","","","","","","","","","","","","","","","","","","","","","","","","","","","","","","","","",""
"1hl_4s_0d_0.001lr_512bs_adam","0.8596821652006236","0.846879150066401","7053","sktpxddf","finished","-","siposova-andrea","","2023-03-18T00:50:36.000Z","83","j7qa6e6s","512","not_applied","0","one_hot","150","4","0.001","1","adam","","","","","","","","","0.6938202953951385","0.7880627199079963","0.8634101990196512","0.29574346472235286","0.7537744653753083","0.642711200333792","0.30192186328080983","0.688740391297679","0.7865008566278497","0.7403636928447762","0.6451340234264186","1","[1,1]","0.6886800586257436","0.7846967670563371","0.8613713144963145","0.30010006825129193","0.7497653463487892","0.6367984693877551","0.29360304887478167","0.6722813848843745","0.7772929955536182","0.8515828577756932","0.7183044726736403","0.6335284420722037","0.31505897641181946","","0.7929903513323397","0.7013388259526262","0.866405620177358","0.29188651255532805","0.7596207473508088","0.6513629842180775","0.29360304887478167","0.7067221457071047","0.79909125418139","0.8665408131270903","0.7505645270137978","0.668916203439899","225696","0.9141725352112676","0.6402702702702703","1331","975","10385","2369","","[[10385,975],[1331,2369]]","0.6726291879613856","0.777221402740769","0.708433014354067","0.6402702702702703","0.9774979773462784","0.09676390881555874","5666","445","19331","607","","","","","","","0.9811931243680484","0.10395408163265306","1405","93","4852","163","","","","","","28","","","","","","","","","","","","","","","","","","","","","","","","","","","","","","","","","","","","","","","","","","","","","","","","","","","","","","","","","","","",""
"2hl_1s_0d_0.001lr_512bs_adam","0.8619043031593568","0.8466135458167331","3486","sktpxddf","finished","-","siposova-andrea","","2023-03-17T22:30:55.000Z","77","j7qa6e6s","512","not_applied","0","one_hot","150","1","0.001","2","adam","","","","","","","","","0.7002863038667747","0.7926932714142568","0.865598407881461","0.29077188588824926","0.75623878878245","0.6520532094951802","0.30113056806417615","0.6936088487266382","0.7896034870713735","0.7453042448806448","0.6500300174434208","1","[1,1]","0.6977541573804217","0.7909829890694141","0.8646345208845209","0.2927141844057569","0.7545420837968113","0.6489158163265306","0.28966383521373457","0.6798406742568606","0.7816351323097025","0.8550966098603294","0.727472694074666","0.6397442495115533","0.31488940119743347","","0.7946796202595807","0.7033963555479511","0.8669046796422127","0.2895163493413551","0.7590472673559823","0.6553483181890642","0.28966383521373457","0.7094097378516534","0.8023464151087717","0.8659398515886287","0.7436861625710042","0.6794222547754708","111552","0.9128521126760564","0.6432432432432432","1320","990","10370","2380","","[[10370,990],[1320,2380]]","0.6732673267326733","0.7780476779596499","0.7062314540059347","0.6432432432432432","0.9762338187702264","0.09979276263350868","5647","470","19306","626","","","","","","","0.9809908998988878","0.10650510204081633","1401","94","4851","167","","","","","","39","","","","","","","","","","","","","","","","","","","","","","","","","","","","","","","","","","","","","","","","","","","","","","","","","","","","","","","","","","","",""
"1hl_10s_0d_0.001lr_512bs_adam","0.8595988930468318","0.846547144754316","17631","sktpxddf","finished","-","siposova-andrea","","2023-03-18T03:07:47.000Z","93","j7qa6e6s","512","not_applied","0","one_hot","150","10","0.001","1","adam","","","","","","","","","0.6964776255946702","0.7897755270659451","0.864523485223416","0.29433220864511","0.7561288667411603","0.6455805848762269","0.30278273041431725","0.6881162341739653","0.7860711490455626","0.7408132161786913","0.643990963368916","1","[1,1]","0.6880290205562274","0.7840726855062413","0.8613329238329238","0.30128679848184775","0.7506596306068601","0.6350446428571429","0.2938495943179497","0.6694968351510234","0.7755392127132746","0.8503565053679384","0.7158929099712801","0.6306393276652833","0.31609389644402724","","0.7968492694457213","0.7065858033655078","0.8681331337095474","0.2855495053763483","0.7611336032388664","0.659333652160051","0.2938495943179497","0.7124867152889629","0.8043484926250323","0.8674683841973244","0.7463254256633204","0.6824546999344057","564192","0.9115316901408452","0.6470270270270271","1306","1005","10355","2394","","[[10355,1005],[1306,2394]]","0.6744611917171431","0.779279358583936","0.70432480141218","0.6470270270270271","0.9781047734627832","0.09899569583931134","5652","433","19343","621","","","","","","","0.9822042467138524","0.09948979591836736","1412","88","4857","156","","","","","","18","","","","","","","","","","","","","","","","","","","","","","","","","","","","","","","","","","","","","","","","","","","","","","","","","","","","","","","","","","","",""
"2hl_2s_0d_0.001lr_512bs_adam","0.8601098236499715","0.8464807436918991","10333","sktpxddf","finished","-","siposova-andrea","","2023-03-17T23:17:28.000Z","66","j7qa6e6s","512","not_applied","0","one_hot","150","2","0.001","2","adam","","","","","","","","","0.6983597386338564","0.7916598663253683","0.8646079364296714","0.2920669289196239","0.753256489844826","0.6509370465665942","0.3018036608512585","0.6947007409050789","0.7924130205083149","0.7328314397142501","0.6617012244218342","1","[1,1]","0.6888450655920432","0.785493702942342","0.8606802825552825","0.3001805818548389","0.7451307735114079","0.6404655612244898","0.2926320296067458","0.6750344886911583","0.778889322119855","0.8528523686679175","0.7222281659204077","0.6356344238914301","0.3175126635111295","","0.8005080623693159","0.711792252022137","0.8700525931897578","0.28265171834066805","0.7638888888888888","0.6663478399489877","0.2926320296067458","0.7163631164669769","0.809089841610642","0.8672005643812709","0.7380025596864953","0.6969576101460146","330656","0.908362676056338","0.6564864864864864","1271","1041","10319","2429","","[[10319,1041],[1271,2429]]","0.6775453277545327","0.7824245812714122","0.7","0.6564864864864864","0.9774979773462784","0.10106806950422444","5639","445","19331","634","","","","","","","0.9777553083923156","0.11096938775510204","1394","110","4835","174","","","","","","17","","","","","","","","","","","","","","","","","","","","","","","","","","","","","","","","","","","","","","","","","","","","","","","","","","","","","","","","","","","",""
"2hl_3s_0d_0.001lr_512bs_adam","0.8596156501515895","0.8464143426294821","20542","sktpxddf","finished","-","siposova-andrea","","2023-03-18T00:03:16.000Z","66","j7qa6e6s","512","not_applied","0","one_hot","150","3","0.001","2","adam","","","","","","","","","0.7018370427419256","0.7942244276252612","0.8657749616037362","0.29082863628864286","0.7543551157281296","0.6561976416582894","0.3067460766205421","0.6964473704182554","0.7949050659384291","0.7269757582344303","0.6699706855043345","1","[1,1]","0.6871249785702039","0.7844728303942937","0.8598740786240786","0.3009045544792624","0.743047830923248","0.639030612244898","0.30216728494717526","0.6737254321198475","0.7782272879368202","0.8522758364602877","0.7204661900994596","0.6349376680834465","0.3170573734320127","","0.8047110903718976","0.7174447174447175","0.8719720526699681","0.2804268320985869","0.7656419529837252","0.6749561613263192","0.30216728494717526","0.7135794180510355","0.8063843324542976","0.8666910535117057","0.7400390777953472","0.6898965928995106","657344","0.908274647887324","0.6564864864864864","1271","1042","10318","2429","","[[10318,1042],[1271,2429]]","0.6774508436759168","0.7823805671869052","0.6997983290118122","0.6564864864864864","0.9778519417475728","0.10218396301610076","5632","438","19338","641","","","","","","","0.9765419615773508","0.11479591836734694","1388","116","4829","180","","","","","","14","","","","","","","","","","","","","","","","","","","","","","","","","","","","","","","","","","","","","","","","","","","","","","","","","","","","","","","","","","","",""
"1hl_5s_0d_0.001lr_512bs_adam","0.8583799862742566","0.8456175298804781","8816","sktpxddf","finished","-","siposova-andrea","","2023-03-18T01:53:29.000Z","86","j7qa6e6s","512","not_applied","0","one_hot","150","5","0.001","1","adam","","","","","","","","","0.6912262377790941","0.7865286355731416","0.8622047740447198","0.2970807167829252","0.750642619238888","0.6405431125702314","0.3038407376179329","0.6858502800739732","0.7848467940854107","0.7368985075850817","0.6428232809262143","1","[1,1]","0.687090093199862","0.7836098486724787","0.8607954545454546","0.3023415272142373","0.7488713318284425","0.6347257653061225","0.29572308980501616","0.6628748109820943","0.7704825087926584","0.8485536207525537","0.7151035240266217","0.6194603169506385","0.31589369361217207","","0.7913357968888084","0.698652476182302","0.8652155552996276","0.29022204408458635","0.7567869096318334","0.648812370476646","0.29572308980501616","0.7063943825970959","0.800087332814629","0.8652213106187291","0.7433973741266624","0.6743002098694661","282112","0.9117957746478872","0.6424324324324324","1323","1002","10358","2377","","[[10358,1002],[1323,2377]]","0.6715637801949428","0.7771141035401598","0.7034625628884286","0.6424324324324324","0.9782059061488672","0.09724214889207716","5663","431","19345","610","","","","","","","0.9817997977755308","0.10076530612244898","1410","90","4855","158","","","","","","22","","","","","","","","","","","","","","","","","","","","","","","","","","","","","","","","","","","","","","","","","","","","","","","","","","","","","","","","","","","",""
"5hl_1s_0d_0.001lr_512bs_adam","0.8594120723946581","0.8446879150066401","8652","sktpxddf","finished","-","siposova-andrea","","2023-03-17T22:42:41.000Z","73","j7qa6e6s","512","not_applied","0","one_hot","150","1","0.001","5","adam","","","","","","","","","0.7006373422339265","0.7926471443025074","0.8659745927586103","0.2957559698352627","0.7582682568857919","0.6511923468574421","0.3056884096218989","0.6904902849755242","0.7884001622763955","0.7365438896750887","0.6512006485524594","1","[1,1]","0.6915681102697184","0.7881533377914273","0.8608338452088452","0.3059103523983675","0.7414705345739828","0.6479591836734694","0.2925581679894374","0.6774647309603854","0.7817095219547026","0.8523096303679384","0.715370101407678","0.6449931210150298","0.31817687016267043","","0.7972490724425376","0.7103030303030303","0.8715497715843219","0.2840705058153938","0.7773356073526625","0.653913597959509","0.2925581679894374","0.7057123360387199","0.7973454486294836","0.8667498432274248","0.7551894092718766","0.6632260944798015","276864","0.9152288732394366","0.6281081081081081","1376","963","10397","2324","","[[10397,963],[1376,2324]]","0.6652354372405896","0.7716684906737724","0.7070276848189839","0.6281081081081081","0.977245145631068","0.10218396301610076","5632","450","19326","641","","","","","","","0.97896865520728","0.11096938775510204","1394","104","4841","174","","","","","","14","","","","","","","","","","","","","","","","","","","","","","","","","","","","","","","","","","","","","","","","","","","","","","","","","","","","","","","","","","","",""
"2hl_4s_0d_0.001lr_512bs_adam","0.8602477396142063","0.8443559096945551","34113","sktpxddf","finished","-","siposova-andrea","","2023-03-18T00:54:53.000Z","80","j7qa6e6s","512","not_applied","0","one_hot","150","4","0.001","2","adam","","","","","","","","","0.7055060103487534","0.7964187781632505","0.8674871262395015","0.2876159790099836","0.7586927512615882","0.6593221841582162","0.3063022494316101","0.6991091555647649","0.7971380431800311","0.7265950856997525","0.6753036588904646","1","[1,1]","0.6889098550476027","0.78548983306915","0.8607570638820639","0.3005648979953691","0.7454984221273436","0.6403061224489796","0.3011364134458395","0.6734618616164633","0.7778702968883464","0.8522420425526371","0.7207632027744846","0.6339608233527616","0.3182148337364197","","0.8068361705622339","0.72089476359939","0.8735460094437406","0.2748519985699186","0.769397721106891","0.6781444285031085","0.3011364134458395","0.7152545844290222","0.8068639016712391","0.8680758779264214","0.7452017217410201","0.688706735761422","1091616","0.9077464788732394","0.6497297297297298","1296","1048","10312","2404","","[[10312,1048],[1296,2404]]","0.6722595078299776","0.7787381043014846","0.6964078794901506","0.6497297297297298","0.9780542071197412","0.106328710345927","5606","434","19342","667","","","","","","","0.9759352881698684","0.11989795918367346","1380","119","4826","188","","","","","","12","","","","","","","","","","","","","","","","","","","","","","","","","","","","","","","","","","","","","","","","","","","","","","","","","","","","","","","","","","","",""
"2hl_10s_0d_0.001lr_512bs_adam","0.8617374189654313","0.8438247011952191","186141","sktpxddf","finished","-","siposova-andrea","","2023-03-18T03:13:13.000Z","102","j7qa6e6s","512","not_applied","0","one_hot","150","10","0.001","2","adam","","","","","","","","","0.7165426696555364","0.8035451571849436","0.872209011593441","0.27616545885216953","0.7686846650107112","0.6710870781239325","0.3019765622340716","0.7007085465158391","0.7972794191836383","0.732868389630039","0.6728294848395381","1","[1,1]","0.6938880328710837","0.7887934148173833","0.8627149877149877","0.29779990338811685","0.7491682070240295","0.6462053571428571","0.2967766672372818","0.6745834356592041","0.7792659970596361","0.8520673728371899","0.7177742590851662","0.6382751389708147","0.31763612765532273","","0.8207934001902126","0.741769807190368","0.8822603554838957","0.25622830233153177","0.78604568165596","0.7022158456878687","0.2967766672372818","0.7124267321053581","0.8014245999843437","0.8699963419732442","0.7628445648773508","0.669237434134327","5956512","0.9137323943661972","0.6291891891891892","1372","980","10380","2328","","[[10380,980],[1372,2328]]","0.6643835616438357","0.7714607917776932","0.7037484885126964","0.6291891891891892","0.9767900485436892","0.11047345767575324","5580","459","19317","693","","","","","","","0.9751263902932256","0.11288265306122448","1391","123","4822","177","","","","","","10","","","","","","","","","","","","","","","","","","","","","","","","","","","","","","","","","","","","","","","","","","","","","","","","","","","","","","","","","","","",""
"5hl_3s_0d_0.001lr_512bs_adam","0.8623816062575342","0.8433598937583001","66298","sktpxddf","finished","-","siposova-andrea","","2023-03-18T00:15:28.000Z","67","j7qa6e6s","512","not_applied","0","one_hot","150","3","0.001","5","adam","","","","","","","","","0.7165152600350578","0.8030019161938988","0.8726236230943705","0.2745291214947607","0.7717827998018899","0.6686959844913576","0.3007541062740179","0.6948752069306623","0.7903915384177894","0.7467536516468679","0.6513878556422622","1","[1,1]","0.6966484268125855","0.7906445041608876","0.8637899262899262","0.2965739164866653","0.7511061946902655","0.6495535714285714","0.28795468692596143","0.6770700249725649","0.7822865682967911","0.8511077072910153","0.7085943892578259","0.6492815791494638","0.3217819699874291","","0.8179860975687142","0.7378280313897562","0.8807247878997274","0.25355776647726697","0.7837934743635712","0.6969552048461661","0.28795468692596143","0.7088903049409448","0.7966381571007835","0.8707802048494984","0.7756229611300326","0.6535196749886297","2121536","0.9191021126760563","0.6108108108108108","1440","919","10441","2260","","[[10441,919],[1440,2260]]","0.6570722488733827","0.7649564617434336","0.710915382195659","0.6108108108108108","0.9748685275080906","0.11653116531165313","5542","497","19279","731","","","","","","","0.9777553083923156","0.10650510204081633","1401","110","4835","167","","","","","","11","","","","","","","","","","","","","","","","","","","","","","","","","","","","","","","","","","","","","","","","","","","","","","","","","","","","","","","","","","","",""
"3hl_3s_0d_0.001lr_512bs_adam","0.8613778085941395","0.8432270916334661","35794","sktpxddf","finished","-","siposova-andrea","","2023-03-18T00:07:13.000Z","64","j7qa6e6s","512","not_applied","0","one_hot","150","3","0.001","3","adam","","","","","","","","","0.7173076208082824","0.80443104729756","0.8722320389173003","0.27879655822819355","0.7671541600739623","0.6736375800320128","0.3043316923654996","0.7042110502862429","0.8017378553163288","0.7243121678686505","0.6866188336226093","1","[1,1]","0.6914829745261172","0.7870648714582922","0.8619087837837838","0.2990785439809163","0.7482829032856878","0.6426977040816326","0.29560131980822635","0.6759754300106308","0.781152603593195","0.8513406002449447","0.711890859387103","0.6453413681155268","0.31914565654901356","","0.8218274468402879","0.7425933697020562","0.8822603554838957","0.25981566894288155","0.7841191066997518","0.7052446995058186","0.29560131980822635","0.7194464414901672","0.8110259672758284","0.8685265990802675","0.7411785455471993","0.699898540704419","1145408","0.904137323943662","0.6562162162162162","1272","1089","10271","2428","","[[10271,1089],[1272,2428]]","0.6728557572398504","0.7801767700799391","0.6903611032129656","0.6562162162162162","0.9761326860841424","0.10999521759923482","5583","472","19304","690","","","","","","","0.9718907987866532","0.1256377551020408","1371","139","4806","197","","","","","","11","","","","","","","","","","","","","","","","","","","","","","","","","","","","","","","","","","","","","","","","","","","","","","","","","","","","","","","","","","","",""
"3hl_1s_0d_0.001lr_512bs_adam","0.8608748299152097","0.8432270916334661","5208","sktpxddf","finished","-","siposova-andrea","","2023-03-17T22:34:46.000Z","72","j7qa6e6s","512","not_applied","0","one_hot","150","1","0.001","3","adam","","","","","","","","","0.7007405741431784","0.7931197329699502","0.8656674957481851","0.2915665587958167","0.7558081646246647","0.6531690775903857","0.301704209125959","0.6957492852714721","0.792736087096497","0.7358478164925704","0.661098870072783","1","[1,1]","0.6949311907000598","0.7896236316128393","0.8629837223587223","0.29812467039800156","0.7490326147042565","0.6481186224489796","0.29160078443013704","0.676446880807598","0.7808766711656769","0.8520918021680217","0.7156521092245439","0.6430280886873637","0.3167816079579867","","0.7999732586025174","0.7105934364903927","0.8693231985872778","0.2838358116500518","0.7613408635452724","0.6661884265901482","0.29160078443013704","0.7094068103870909","0.8035629171601839","0.8647379285117057","0.7366534873821883","0.6854114950746897","166656","0.9064260563380282","0.6491891891891892","1298","1063","10297","2402","","[[10297,1063],[1298,2402]]","0.6704815073272854","0.7778076227636087","0.6932178932178932","0.6491891891891892","0.9761832524271844","0.09995217599234817","5646","471","19305","627","","","","","","","0.9787664307381192","0.11096938775510204","1394","105","4840","174","","","","","","23","","","","","","","","","","","","","","","","","","","","","","","","","","","","","","","","","","","","","","","","","","","","","","","","","","","","","","","","","","","",""
"4hl_4s_0d_0.001lr_512bs_adam","0.8614707922920575","0.8428950863213811","88233","sktpxddf","finished","-","siposova-andrea","","2023-03-18T01:05:25.000Z","84","j7qa6e6s","512","not_applied","0","one_hot","150","4","0.001","4","adam","","","","","","","","","0.7235815153983541","0.807982704833058","0.8753108684299662","0.26798074175329767","0.7756991376622036","0.6781013319962131","0.2986935404630808","0.6997168038330382","0.7962994464506696","0.7333837328968726","0.6704954533604532","1","[1,1]","0.6966503897884005","0.7903859966316624","0.8640586609336609","0.29531127798791024","0.7528235511942233","0.6482780612244898","0.28094088114224947","0.6770530000180409","0.7832161154636103","0.8498719903064416","0.7029552794615055","0.6543733471540112","0.3219497249676631","","0.82363198333047","0.7462334820301322","0.8842565933433145","0.244179233324294","0.7904778887303852","0.7066794197353738","0.28094088114224947","0.7084465881950239","0.7966978495653676","0.8703229515050167","0.7726758681589744","0.6546835515062798","2823456","0.9161091549295776","0.6181081081081081","1413","953","10407","2287","","[[10407,953],[1413,2287]]","0.6590778097982709","0.7671086315188428","0.7058641975308642","0.6181081081081081","0.9747673948220064","0.11860353897656624","5529","499","19277","744","","","","","","","0.9741152679474216","0.1243622448979592","1373","128","4817","195","","","","","","10","","","","","","","","","","","","","","","","","","","","","","","","","","","","","","","","","","","","","","","","","","","","","","","","","","","","","","","","","","","",""
"3hl_5s_0d_0.001lr_512bs_adam","0.8613153261549339","0.8426958831341301","93276","sktpxddf","finished","-","siposova-andrea","","2023-03-18T02:04:32.000Z","107","j7qa6e6s","512","not_applied","0","one_hot","150","5","0.001","3","adam","","","","","","","","","0.7268270430846383","0.8099926793621781","0.8767926929172323","0.266151178876559","0.7791840497278988","0.681130180730829","0.2973762108729436","0.7025458853034541","0.7997757874796783","0.7271231154256086","0.6808509326990205","1","[1,1]","0.6969567081011573","0.7904832594445546","0.864289004914005","0.29456035296122235","0.7537548674207306","0.6481186224489796","0.2789212396511665","0.6768741622097741","0.783268671392941","0.8497217499218261","0.7022630644076333","0.6545677511329052","0.3214353139583881","","0.8291887311006175","0.7553272130042954","0.8884794041997773","0.23810036363554937","0.8007142857142857","0.7148095010361868","0.2789212396511665","0.7259626704128785","0.8149454037351476","0.8714660848662207","0.7485793636097953","0.7055631439693957","2984832","0.9029049295774648","0.6578378378378379","1266","1103","10257","2434","","[[10257,1103],[1266,2434]]","0.6726544148127678","0.7803713837076515","0.6881538026576195","0.6578378378378379","0.9750707928802588","0.11971943248844254","5522","493","19283","751","","","","","","","0.969464105156724","0.1371173469387755","1353","151","4794","215","","","","","","10","","","","","","","","","","","","","","","","","","","","","","","","","","","","","","","","","","","","","","","","","","","","","","","","","","","","","","","","","","","",""
"2hl_5s_0d_0.001lr_512bs_adam","0.8622520422920574","0.8426958831341301","51046","sktpxddf","finished","-","siposova-andrea","","2023-03-18T01:58:07.000Z","103","j7qa6e6s","512","not_applied","0","one_hot","150","5","0.001","2","adam","","","","","","","","","0.7107224562758395","0.799830900150533","0.8696599717617799","0.2821039129121631","0.763082691077617","0.6651249880033314","0.3029385637778502","0.70610750627943","0.8028453344470698","0.7267359963643771","0.6881084628590395","1","[1,1]","0.6940490481907049","0.7886690628921471","0.8630221130221131","0.29767630731358247","0.750834879406308","0.6452487244897959","0.2969688761692781","0.6776545153309187","0.7831773355140216","0.8509236729987493","0.7078456892342986","0.652071336836035","0.3175378946157602","","0.8124490588227555","0.7294714587737843","0.8771929824561403","0.2648310822014715","0.7768371757925072","0.6875498166746373","0.2969688761692781","0.7237919558511222","0.81189336672331","0.8723348662207357","0.7561169498655621","0.6949851542971479","1633472","0.905281690140845","0.6505405405405406","1293","1076","10284","2407","","[[10284,1076],[1293,2407]]","0.6701935124599749","0.7779111153406928","0.6910709158771174","0.6505405405405406","0.9768911812297736","0.10712577714012436","5601","457","19319","672","","","","","","","0.9722952477249748","0.125","1372","137","4808","196","","","","","","13","","","","","","","","","","","","","","","","","","","","","","","","","","","","","","","","","","","","","","","","","","","","","","","","","","","","","","","","","","","",""
"4hl_1s_0d_0.001lr_512bs_adam","0.858643033519591","0.8419654714475432","6930","sktpxddf","finished","-","siposova-andrea","","2023-03-17T22:38:44.000Z","65","j7qa6e6s","512","not_applied","0","one_hot","150","1","0.001","4","adam","","","","","","","","","0.693918551362443","0.7880657555715079","0.8635637363240869","0.29517754187770917","0.7544686272363926","0.6424239868711712","0.30535518206082857","0.6892055604409698","0.7882906704887338","0.7324429181113656","0.6523941374249641","1","[1,1]","0.6818928973094559","0.7801429582755433","0.8588375307125307","0.3043750571269615","0.7454132778513335","0.6283482142857143","0.29327772901608395","0.6686279247963498","0.7754529860344893","0.8493724104909318","0.7112636130413785","0.6324266179670951","0.31933950690122753","","0.7970631063124595","0.7068568012979249","0.8682099120887558","0.2854536760087107","0.761125413755057","0.6598118922365694","0.29327772901608395","0.717843057847017","0.8113904621168475","0.8668086329431438","0.7326987029266372","0.7044431989714162","221760","0.9039612676056338","0.6516216216216216","1289","1091","10269","2411","","[[10269,1091],[1289,2411]]","0.6695362399333518","0.7777914446136277","0.6884637350085665","0.6516216216216216","0.9769923139158576","0.09979276263350868","5647","455","19321","626","","","","","","","0.9787664307381192","0.11224489795918367","1392","105","4840","176","","","","","","14","","","","","","","","","","","","","","","","","","","","","","","","","","","","","","","","","","","","","","","","","","","","","","","","","","","","","","","","","","","",""
"4hl_3s_0d_0.001lr_512bs_adam","0.8595372638639638","0.8418990703851261","51046","sktpxddf","finished","-","siposova-andrea","","2023-03-18T00:11:05.000Z","68","j7qa6e6s","512","not_applied","0","one_hot","150","3","0.001","4","adam","","","","","","","","","0.7195565265417146","0.805127555328904","0.8737522599631031","0.2755794565467274","0.773389584934063","0.6727449973891997","0.3045816123485566","0.6964924262492731","0.795003621421705","0.7268699611121686","0.6703785270409165","1","[1,1]","0.6946917808219178","0.7892639913975298","0.8630988943488943","0.2991339523418277","0.7501849112426036","0.646843112244898","0.2898378509741563","0.6736429002366495","0.779272709193669","0.8506231922295184","0.7111451740912584","0.6411591526303142","0.32097431558829087","","0.8192931081580948","0.741243321177169","0.882874582517563","0.25291786211378436","0.7919536063791228","0.6966363781284872","0.2898378509741563","0.7075312138077282","0.7975503870129363","0.8684939381270903","0.7625816380333527","0.660570503683491","1633472","0.9157570422535212","0.6151351351351352","1424","957","10403","2276","","[[10403,957],[1424,2276]]","0.6565700274051637","0.7654460886943282","0.7039901020723786","0.6151351351351352","0.9755764563106796","0.11844412561772676","5530","483","19293","743","","","","","","","0.972093023255814","0.1288265306122449","1366","138","4807","202","","","","","","10","","","","","","","","","","","","","","","","","","","","","","","","","","","","","","","","","","","","","","","","","","","","","","","","","","","","","","","","","","","",""
"5hl_2s_0d_0.001lr_512bs_adam","0.8589781083455691","0.8406374501992032","30751","sktpxddf","finished","-","siposova-andrea","","2023-03-17T23:29:50.000Z","67","j7qa6e6s","512","not_applied","0","one_hot","150","2","0.001","5","adam","","","","","","","","","0.7195085317437685","0.8055745014133603","0.8733069427108786","0.2797279167993396","0.7704359675919263","0.6749131614027725","0.31034074609096235","0.7009939011628463","0.8006361654939529","0.7170706417610961","0.687921512736938","1","[1,1]","0.6956151553852703","0.7905606569083945","0.8627533783783784","0.3008597253584394","0.7463913758450575","0.6513073979591837","0.2886912662249345","0.6799893999961194","0.7853855297747739","0.8509236729987493","0.7043845704293504","0.6586830908297847","0.32250568729180557","","0.8157371649030596","0.7357785702156564","0.8805328419517064","0.26046163223537744","0.787102633969119","0.6907380838514268","0.2886912662249345","0.7240677054395614","0.8165045918924272","0.8686115175585284","0.7336852529747789","0.7156900409591489","984032","0.9000880281690141","0.6581081081081082","1265","1135","10225","2435","","[[10225,1135],[1265,2435]]","0.6698762035763411","0.7790980681385611","0.6820728291316527","0.6581081081081082","0.9754247572815534","0.1112705244699506","5575","486","19290","698","","","","","","","0.967846309403438","0.1371173469387755","1353","159","4786","215","","","","","","11","","","","","","","","","","","","","","","","","","","","","","","","","","","","","","","","","","","","","","","","","","","","","","","","","","","","","","","","","","","",""
"3hl_4s_0d_0.001lr_512bs_adam","0.8616539202207448","0.8399734395750332","61173","sktpxddf","finished","-","siposova-andrea","","2023-03-18T00:59:47.000Z","82","j7qa6e6s","512","not_applied","0","one_hot","150","4","0.001","3","adam","","","","","","","","","0.7197906439163171","0.8058388614148004","0.8734605091962859","0.2739673670016083","0.7705627041743706","0.6753913150626104","0.2983425165598209","0.7023206005826387","0.7990998094123043","0.7300993366603918","0.6781722847047912","1","[1,1]","0.6966946394930639","0.7904695858926095","0.8640202702702703","0.29775601917622135","0.7524972253052165","0.6485969387755102","0.28011612364879024","0.6749092017570473","0.7795634910233178","0.8518589092140922","0.7167248150378285","0.6395501006660685","0.32121878403883714","","0.823680409491131","0.7457997311827956","0.8838343122576683","0.2487030254275191","0.7883146865565619","0.7076358998884107","0.28011612364879024","0.7231591028584864","0.81237120056862","0.8708651233277591","0.7497421274133941","0.6991855692179677","1957536","0.9035211267605634","0.6448648648648648","1314","1096","10264","2386","","[[10264,1096],[1314,2386]]","0.6644388749651908","0.7741929958127141","0.6852383687535899","0.6448648648648648","0.9761832524271844","0.11748764546468994","5536","471","19305","737","","","","","","","0.9741152679474216","0.1243622448979592","1373","128","4817","195","","","","","","10","","","","","","","","","","","","","","","","","","","","","","","","","","","","","","","","","","","","","","","","","","","","","","","","","","","","","","","","","","","",""
"3hl_2s_0d_0.001lr_512bs_adam","0.8611653123612131","0.8397742363877823","17139","sktpxddf","finished","-","siposova-andrea","","2023-03-17T23:21:25.000Z","67","j7qa6e6s","512","not_applied","0","one_hot","150","2","0.001","3","adam","","","","","","","","","0.7100173689064506","0.7988318989190909","0.8698288803641935","0.28322267479756297","0.7657293616217451","0.6618729402330037","0.3013157938535397","0.7013944237911003","0.7987937587703817","0.7280009758456327","0.6783588859553079","1","[1,1]","0.6931185191533121","0.7881770730136715","0.8625230343980343","0.2985081736947976","0.7493051695386326","0.6447704081632653","0.2840926085527127","0.6719385345420259","0.7777829919030963","0.8505067457525537","0.7134385207939903","0.6369685856573211","0.31969354015130264","","0.8100621388049261","0.7272882077479779","0.8770394256977235","0.26593926870355417","0.7805190058479532","0.6808544556033795","0.2840926085527127","0.7229469411891564","0.8115165925056461","0.8716163252508361","0.7536423224130542","0.695569080496083","548448","0.9059859154929576","0.6364864864864865","1345","1068","10292","2355","","[[10292,1068],[1345,2355]]","0.6612382423136319","0.7712362009897221","0.6879929886064855","0.6364864864864865","0.9764360841423948","0.10537223019289016","5612","466","19310","661","","","","","","","0.9741152679474216","0.12627551020408162","1370","128","4817","198","","","","","","15","","","","","","","","","","","","","","","","","","","","","","","","","","","","","","","","","","","","","","","","","","","","","","","","","","","","","","","","","","","",""
"4hl_5s_0d_0.001lr_512bs_adam","0.8624073951337341","0.8396414342629482","135506","sktpxddf","finished","-","siposova-andrea","","2023-03-18T02:11:44.000Z","104","j7qa6e6s","512","not_applied","0","one_hot","150","5","0.001","4","adam","","","","","","","","","0.7295803890941744","0.8118070846027259","0.8779443862907959","0.2614682285809049","0.7815638872490067","0.684222987975678","0.30079652804594775","0.7067047897286407","0.8033808580171335","0.7261254010179158","0.6894289177400085","1","[1,1]","0.7024574021748436","0.7940143897364771","0.8665924447174447","0.2903020644889158","0.7586461993711855","0.6540178571428571","0.28869399428367615","0.6813157197927422","0.7849567520697216","0.8529350212372316","0.7128088232247728","0.653405357947433","0.32049798506956834","","0.8301696480253637","0.7541694462975317","0.8868286690467965","0.23334449120596343","0.7906976744186046","0.7208672086720868","0.28869399428367615","0.7199589503945809","0.8104312613285345","0.8693039297658862","0.7458344778105455","0.6966554776600054","4336192","0.904137323943662","0.6416216216216216","1326","1089","10271","2374","","[[10271,1089],[1326,2374]]","0.6628507608543908","0.7728794727826418","0.6855327750505342","0.6416216216216216","0.9740088996763754","0.119878845847282","5521","514","19262","752","","","","","","","0.9660262891809908","0.14285714285714285","1344","168","4777","224","","","","","","10","","","","","","","","","","","","","","","","","","","","","","","","","","","","","","","","","","","","","","","","","","","","","","","","","","","","","","","","","","","",""
"4hl_2s_0d_0.001lr_512bs_adam","0.8595738441315225","0.8395086321381142","23945","sktpxddf","finished","-","siposova-andrea","","2023-03-17T23:25:37.000Z","65","j7qa6e6s","512","not_applied","0","one_hot","150","2","0.001","4","adam","","","","","","","","","0.7176527044620787","0.8047436738281626","0.8722934660420265","0.27971515597081653","0.766930993509006","0.6744347586595614","0.3011368215084076","0.6972185214140929","0.7959044273443597","0.7253837998480117","0.67296079206491","1","[1,1]","0.6935318275154004","0.7886417157882571","0.8624846437346437","0.30173614913342045","0.7483382570162481","0.6462053571428571","0.2846397115634038","0.6724358234951353","0.7790899285953554","0.8494212691525954","0.7069234029947046","0.6430573291642617","0.3189715903538924","","0.820076040075435","0.7408156386922818","0.8819148527774578","0.2594185614702748","0.7857015192135836","0.7007811254583134","0.2846397115634038","0.724011958592806","0.8171103386392636","0.8678015259197325","0.7292378692699034","0.7193931719406617","766240","0.8953345070422535","0.6681081081081081","1228","1189","10171","2472","","[[10171,1189],[1228,2472]]","0.6716478739301726","0.7817213075751807","0.6752253482655012","0.6681081081081081","0.9757281553398058","0.10967639088155588","5585","480","19296","688","","","","","","","0.9726996966632964","0.125","1372","135","4810","196","","","","","","11","","","","","","","","","","","","","","","","","","","","","","","","","","","","","","","","","","","","","","","","","","","","","","","","","","","","","","","","","","","",""
"3hl_10s_0d_0.001lr_512bs_adam","0.8628063119442858","0.8395086321381142","354651","sktpxddf","finished","-","siposova-andrea","","2023-03-18T03:20:30.000Z","119","j7qa6e6s","512","not_applied","0","one_hot","150","10","0.001","3","adam","","","","","","","","","0.7344945533413765","0.8151990123294958","0.8798715524951417","0.26417091196658565","0.7846875914103741","0.6904405003871468","0.3024102247678317","0.7001772674046889","0.7955182629766078","0.7401702911270126","0.6655814511960609","1","[1,1]","0.7122283766510439","0.8006837291955617","0.8703547297297297","0.28548869899674956","0.7649643053267435","0.6662946428571429","0.2862696177684344","0.6803144959533166","0.7836433382742727","0.8531528494371483","0.715905322205794","0.6491426057114922","0.33643725972909194","","0.8335644609390839","0.7599799565725739","0.8896694690775078","0.23883834598111173","0.7981055955095597","0.725330782719592","0.2862696177684344","0.713991575256337","0.8023621932518765","0.8699375522575251","0.7628316441380201","0.6718337071084614","11348832","0.9131161971830986","0.6135135135135135","1430","987","10373","2270","","[[10373,987],[1430,2270]]","0.6525801351157108","0.763314855348306","0.6969603929996929","0.6135135135135135","0.9734021035598706","0.12131356607683724","5512","526","19250","761","","","","","","","0.97108190091001","0.1256377551020408","1371","143","4802","197","","","","","","12","","","","","","","","","","","","","","","","","","","","","","","","","","","","","","","","","","","","","","","","","","","","","","","","","","","","","","","","","","","",""
"4hl_10s_0d_0.001lr_512bs_adam","0.8620808988974087","0.8390438247011952","523161","sktpxddf","finished","-","siposova-andrea","","2023-03-18T03:28:54.000Z","127","j7qa6e6s","512","not_applied","0","one_hot","150","10","0.001","4","adam","","","","","","","","","0.7404311250932061","0.8217568758747087","0.8807391428745655","0.25335136903267286","0.7767661143558791","0.7079757258594495","0.3096741133011304","0.7065360868176996","0.803783951954182","0.7257204974024226","0.6910601625901409","1","[1,1]","0.7087586857682079","0.7976156937289479","0.8696636977886978","0.2831655282015894","0.7671309192200557","0.6586415816326531","0.3110688557991615","0.6791792147810227","0.783011613079659","0.8528767979987493","0.7151542408640036","0.6478732997242859","0.32353971554682803","","0.8453190680625396","0.7715380226587334","0.8923951015394065","0.2295594866953644","0.7893595730486991","0.7545034273872151","0.3110688557991615","0.7261809947848968","0.813997758012434","0.8723087374581939","0.7546662663213163","0.7008442913370068","16741152","0.906161971830986","0.632972972972973","1358","1066","10294","2342","","[[10294,1066],[1358,2342]]","0.658975801913337","0.7695674724019794","0.687206572769953","0.632972972972973","0.9732504045307444","0.12498007333014506","5489","529","19247","784","","","","","","","0.972093023255814","0.13839285714285715","1351","138","4807","217","","","","","","11","","","","","","","","","","","","","","","","","","","","","","","","","","","","","","","","","","","","","","","","","","","","","","","","","","","","","","","","","","","",""
"5hl_5s_0d_0.001lr_512bs_adam","0.8611414565885834","0.8388446215139442","177736","sktpxddf","finished","-","siposova-andrea","","2023-03-18T02:19:10.000Z","103","j7qa6e6s","512","not_applied","0","one_hot","150","5","0.001","5","adam","","","","","","","","","0.729604534332408","0.811802359421549","0.8780365250619626","0.26278177014752935","0.7819281956796005","0.6840314987783731","0.305904399890166","0.6986521573639808","0.7961175951139431","0.7323836806350228","0.6703638502873964","1","[1,1]","0.7014757918356779","0.7923503442639191","0.8672066953316954","0.29133635174994377","0.7646284101599248","0.6479591836734694","0.28459501495728123","0.672084185411292","0.7758703897262786","0.8529350212372316","0.7265083059286357","0.6267337068308525","0.33260953426361084","","0.8328218176527853","0.7589837873976267","0.8892855771814657","0.2343603030723684","0.7976462322150009","0.7238960624900367","0.28459501495728123","0.7151289646516072","0.8092516967937612","0.8655479201505016","0.7316199247469115","0.7002893997962215","5687552","0.8994718309859155","0.6527027027027027","1285","1142","10218","2415","","[[10218,1142],[1285,2415]]","0.6655642827614717","0.7760872668443092","0.6789429294349171","0.6527027027027027","0.9739583333333334","0.12163239279451618","5510","515","19261","763","","","","","","","0.9704752275025278","0.13137755102040816","1362","146","4799","206","","","","","","10","","","","","","","","","","","","","","","","","","","","","","","","","","","","","","","","","","","","","","","","","","","","","","","","","","","","","","","","","","","",""
"5hl_10s_0d_0.001lr_512bs_adam","0.8622401710534664","0.8343957503320053","691671","sktpxddf","finished","-","siposova-andrea","","2023-03-18T03:38:01.000Z","125","j7qa6e6s","512","not_applied","0","one_hot","150","10","0.001","5","adam","","","","","","","","","0.7373072820073305","0.8191624943054814","0.8796258658082768","0.2594331465515436","0.7761482626667305","0.7025240177371762","0.3138480207094779","0.694021479966674","0.7902993172431506","0.7467236376059917","0.6512658875883635","1","[1,1]","0.712932138284251","0.8008743849481541","0.870892199017199","0.2821102314719967","0.7672239573764468","0.6658163265306123","0.3099391391644111","0.6753032507827267","0.7781380431386347","0.8539867039295393","0.7273060772357716","0.631529694357043","0.33979374170303345","","0.841440440924969","0.7660026126714566","0.8899765825943414","0.2319160416430118","0.7851046025104602","0.7478080663159573","0.3099391391644111","0.7259804114651112","0.8174099974175999","0.869545620819398","0.7364443430471697","0.716530922366164","22133472","0.8959507042253522","0.6454054054054054","1312","1182","10178","2388","","[[10178,1182],[1312,2388]]","0.6569463548830811","0.7706780548153788","0.66890756302521","0.6454054054054054","0.9714805825242718","0.12147297943567673","5511","564","19212","762","","","","","","","0.9769464105156724","0.10778061224489796","1399","114","4831","169","","","","","","12","","","","","","","","","","","","","","","","","","","","","","","","","","","","","","","","","","","","","","","","","","","","","","","","","","","","","","","","","","","",""
"5hl_4s_0d_0.001lr_512bs_adam","0.8580011192174004","0.8257636122177955","115293","sktpxddf","finished","-","siposova-andrea","","2023-03-18T01:11:12.000Z","89","j7qa6e6s","512","not_applied","0","one_hot","150","4","0.001","5","adam","","","","","","","","","0.7226928282431653","0.8062887999297518","0.8758790555537791","0.2679229088858062","0.7817570923019981","0.6720436192769792","0.30902437292612517","0.6920076182680208","0.7924841222266824","0.7300309401444132","0.6657816280465984","1","[1,1]","0.7021331721219448","0.7926576121953637","0.867590601965602","0.29240310542723713","0.7659694742792538","0.6481186224489796","0.31983387011748093","0.6788318180268271","0.7842748544444957","0.8508072265217845","0.705265647275282","0.6556002000708889","0.3279893077336825","","0.8186593118875936","0.7403071180113685","0.882490690621521","0.24981004525633416","0.7912586144359811","0.6955204846166109","0.31983387011748093","0.7211031272782988","0.8311089196440473","0.8532608695652174","0.6654875146972665","0.788006995659092","3689376","0.8549295774647887","0.7362162162162162","976","1648","9712","2724","","[[9712,1648],[976,2724]]","0.6749256689791874","0.7955728968405025","0.6230558096980787","0.7362162162162162","0.9746662621359224","0.11669057867049258","5541","501","19275","732","","","","","","","0.969464105156724","0.12181122448979592","1377","151","4794","191","","","","","","10","","","","","","","","","","","","","","","","","","","","","","","","","","","","","","","","","","","","","","","","","","","","","","","","","","","","","","","","","","","",""